appid,filepath,filename,game_name
10180,/content/SeeingMachines/SeeingMachines/screenshots/10180/screenshots/2014-03-18_00001.jpg,2014-03-18_00001.jpg,Call of Duty®: Modern Warfare® 2 (2009)
10180,/content/SeeingMachines/SeeingMachines/screenshots/10180/screenshots/2014-01-11_00001.jpg,2014-01-11_00001.jpg,Call of Duty®: Modern Warfare® 2 (2009)
10190,/content/SeeingMachines/SeeingMachines/screenshots/10190/screenshots/2014-07-17_00002.jpg,2014-07-17_00002.jpg,Call of Duty®: Modern Warfare® 2 (2009)
105600,/content/SeeingMachines/SeeingMachines/screenshots/105600/screenshots/2015-07-16_00001.jpg,2015-07-16_00001.jpg,Terraria
105600,/content/SeeingMachines/SeeingMachines/screenshots/105600/screenshots/2013-08-04_00001.jpg,2013-08-04_00001.jpg,Terraria
107410,/content/SeeingMachines/SeeingMachines/screenshots/107410/screenshots/20200523003706_1.jpg,20200523003706_1.jpg,Arma 3
107410,/content/SeeingMachines/SeeingMachines/screenshots/107410/screenshots/20200523003933_1.jpg,20200523003933_1.jpg,Arma 3
107410,/content/SeeingMachines/SeeingMachines/screenshots/107410/screenshots/20181223230739_1.jpg,20181223230739_1.jpg,Arma 3
107410,/content/SeeingMachines/SeeingMachines/screenshots/107410/screenshots/20171114010758_1.jpg,20171114010758_1.jpg,Arma 3
107410,/content/SeeingMachines/SeeingMachines/screenshots/107410/screenshots/20170513234023_1.jpg,20170513234023_1.jpg,Arma 3
107410,/content/SeeingMachines/SeeingMachines/screenshots/107410/screenshots/20170510001337_1.jpg,20170510001337_1.jpg,Arma 3
107410,/content/SeeingMachines/SeeingMachines/screenshots/107410/screenshots/2014-11-02_00002.jpg,2014-11-02_00002.jpg,Arma 3
107410,/content/SeeingMachines/SeeingMachines/screenshots/107410/screenshots/2014-11-02_00001.jpg,2014-11-02_00001.jpg,Arma 3
107410,/content/SeeingMachines/SeeingMachines/screenshots/107410/screenshots/2014-10-30_00001.jpg,2014-10-30_00001.jpg,Arma 3
107410,/content/SeeingMachines/SeeingMachines/screenshots/107410/screenshots/2014-10-25_00001.jpg,2014-10-25_00001.jpg,Arma 3
107410,/content/SeeingMachines/SeeingMachines/screenshots/107410/screenshots/2014-07-15_00003.jpg,2014-07-15_00003.jpg,Arma 3
107410,/content/SeeingMachines/SeeingMachines/screenshots/107410/screenshots/2014-07-02_00002.jpg,2014-07-02_00002.jpg,Arma 3
107410,/content/SeeingMachines/SeeingMachines/screenshots/107410/screenshots/2014-07-24_00002.jpg,2014-07-24_00002.jpg,Arma 3
107410,/content/SeeingMachines/SeeingMachines/screenshots/107410/screenshots/2014-07-02_00001.jpg,2014-07-02_00001.jpg,Arma 3
1085660,/content/SeeingMachines/SeeingMachines/screenshots/1085660/screenshots/20191109235633_1.jpg,20191109235633_1.jpg,Destiny 2
1091500,/content/SeeingMachines/SeeingMachines/screenshots/1091500/screenshots/20240524235314_1.jpg,20240524235314_1.jpg,Cyberpunk 2077
1091500,/content/SeeingMachines/SeeingMachines/screenshots/1091500/screenshots/20250702001059_1.jpg,20250702001059_1.jpg,Cyberpunk 2077
1091500,/content/SeeingMachines/SeeingMachines/screenshots/1091500/screenshots/20240620233612_1.jpg,20240620233612_1.jpg,Cyberpunk 2077
1091500,/content/SeeingMachines/SeeingMachines/screenshots/1091500/screenshots/20240529010436_1.jpg,20240529010436_1.jpg,Cyberpunk 2077
1091500,/content/SeeingMachines/SeeingMachines/screenshots/1091500/screenshots/20250603024342_1.jpg,20250603024342_1.jpg,Cyberpunk 2077
1091500,/content/SeeingMachines/SeeingMachines/screenshots/1091500/screenshots/20250701233431_1.jpg,20250701233431_1.jpg,Cyberpunk 2077
1091500,/content/SeeingMachines/SeeingMachines/screenshots/1091500/screenshots/20240322020017_1.jpg,20240322020017_1.jpg,Cyberpunk 2077
1091500,/content/SeeingMachines/SeeingMachines/screenshots/1091500/screenshots/20240524233558_1.jpg,20240524233558_1.jpg,Cyberpunk 2077
1091500,/content/SeeingMachines/SeeingMachines/screenshots/1091500/screenshots/20201218031352_1.jpg,20201218031352_1.jpg,Cyberpunk 2077
1091500,/content/SeeingMachines/SeeingMachines/screenshots/1091500/screenshots/20201218030831_1.jpg,20201218030831_1.jpg,Cyberpunk 2077
1091500,/content/SeeingMachines/SeeingMachines/screenshots/1091500/screenshots/20210124000251_1.jpg,20210124000251_1.jpg,Cyberpunk 2077
1091500,/content/SeeingMachines/SeeingMachines/screenshots/1091500/screenshots/20201218015311_1.jpg,20201218015311_1.jpg,Cyberpunk 2077
1091500,/content/SeeingMachines/SeeingMachines/screenshots/1091500/screenshots/20201214014231_1.jpg,20201214014231_1.jpg,Cyberpunk 2077
1091500,/content/SeeingMachines/SeeingMachines/screenshots/1091500/screenshots/20210203025117_1.jpg,20210203025117_1.jpg,Cyberpunk 2077
1091500,/content/SeeingMachines/SeeingMachines/screenshots/1091500/screenshots/20201211024812_1.jpg,20201211024812_1.jpg,Cyberpunk 2077
1091500,/content/SeeingMachines/SeeingMachines/screenshots/1091500/screenshots/20201213025553_1.jpg,20201213025553_1.jpg,Cyberpunk 2077
1091500,/content/SeeingMachines/SeeingMachines/screenshots/1091500/screenshots/20210124001247_1.jpg,20210124001247_1.jpg,Cyberpunk 2077
1091500,/content/SeeingMachines/SeeingMachines/screenshots/1091500/screenshots/20210123230104_1.jpg,20210123230104_1.jpg,Cyberpunk 2077
12210,/content/SeeingMachines/SeeingMachines/screenshots/12210/screenshots/2014-08-21_00001.jpg,2014-08-21_00001.jpg,Grand Theft Auto IV: The Complete Edition
12210,/content/SeeingMachines/SeeingMachines/screenshots/12210/screenshots/2014-07-22_00001.jpg,2014-07-22_00001.jpg,Grand Theft Auto IV: The Complete Edition
12210,/content/SeeingMachines/SeeingMachines/screenshots/12210/screenshots/2014-08-17_00002.jpg,2014-08-17_00002.jpg,Grand Theft Auto IV: The Complete Edition
12210,/content/SeeingMachines/SeeingMachines/screenshots/12210/screenshots/2014-07-09_00002.jpg,2014-07-09_00002.jpg,Grand Theft Auto IV: The Complete Edition
12210,/content/SeeingMachines/SeeingMachines/screenshots/12210/screenshots/2014-08-18_00001.jpg,2014-08-18_00001.jpg,Grand Theft Auto IV: The Complete Edition
12210,/content/SeeingMachines/SeeingMachines/screenshots/12210/screenshots/2014-07-10_00002.jpg,2014-07-10_00002.jpg,Grand Theft Auto IV: The Complete Edition
12210,/content/SeeingMachines/SeeingMachines/screenshots/12210/screenshots/2014-06-15_00001.jpg,2014-06-15_00001.jpg,Grand Theft Auto IV: The Complete Edition
12210,/content/SeeingMachines/SeeingMachines/screenshots/12210/screenshots/2014-06-14_00001.jpg,2014-06-14_00001.jpg,Grand Theft Auto IV: The Complete Edition
12210,/content/SeeingMachines/SeeingMachines/screenshots/12210/screenshots/2014-07-01_00002.jpg,2014-07-01_00002.jpg,Grand Theft Auto IV: The Complete Edition
12210,/content/SeeingMachines/SeeingMachines/screenshots/12210/screenshots/2014-07-01_00001.jpg,2014-07-01_00001.jpg,Grand Theft Auto IV: The Complete Edition
12210,/content/SeeingMachines/SeeingMachines/screenshots/12210/screenshots/2013-12-20_00001.jpg,2013-12-20_00001.jpg,Grand Theft Auto IV: The Complete Edition
12210,/content/SeeingMachines/SeeingMachines/screenshots/12210/screenshots/2013-12-20_00005.jpg,2013-12-20_00005.jpg,Grand Theft Auto IV: The Complete Edition
1240440,/content/SeeingMachines/SeeingMachines/screenshots/1240440/screenshots/20211219160813_1.jpg,20211219160813_1.jpg,Halo Infinite
1250,/content/SeeingMachines/SeeingMachines/screenshots/1250/screenshots/2013-10-11_00002.jpg,2013-10-11_00002.jpg,Killing Floor
1404210,/content/SeeingMachines/SeeingMachines/screenshots/1404210/screenshots/20220516004821_1.jpg,20220516004821_1.jpg,Red Dead Online
1404210,/content/SeeingMachines/SeeingMachines/screenshots/1404210/screenshots/20210721233354_1.jpg,20210721233354_1.jpg,Red Dead Online
1404210,/content/SeeingMachines/SeeingMachines/screenshots/1404210/screenshots/20210611222900_1.jpg,20210611222900_1.jpg,Red Dead Online
15120,/content/SeeingMachines/SeeingMachines/screenshots/15120/screenshots/2015-01-09_00001.jpg,2015-01-09_00001.jpg,Tom Clancy's Rainbow Six® Vegas 2
1522,/content/SeeingMachines/SeeingMachines/screenshots/1522/screenshots/2012-07-05_00003.jpg,2012-07-05_00003.jpg,DEFCON Demo
1522,/content/SeeingMachines/SeeingMachines/screenshots/1522/screenshots/2012-07-05_00001.jpg,2012-07-05_00001.jpg,DEFCON Demo
1522,/content/SeeingMachines/SeeingMachines/screenshots/1522/screenshots/2012-07-04_00001.jpg,2012-07-04_00001.jpg,DEFCON Demo
1522,/content/SeeingMachines/SeeingMachines/screenshots/1522/screenshots/2012-07-04_00003.jpg,2012-07-04_00003.jpg,DEFCON Demo
1522,/content/SeeingMachines/SeeingMachines/screenshots/1522/screenshots/2012-07-05_00005.jpg,2012-07-05_00005.jpg,DEFCON Demo
1522,/content/SeeingMachines/SeeingMachines/screenshots/1522/screenshots/2012-07-05_00006.jpg,2012-07-05_00006.jpg,DEFCON Demo
1522,/content/SeeingMachines/SeeingMachines/screenshots/1522/screenshots/2012-07-05_00004.jpg,2012-07-05_00004.jpg,DEFCON Demo
1522,/content/SeeingMachines/SeeingMachines/screenshots/1522/screenshots/2012-07-04_00002.jpg,2012-07-04_00002.jpg,DEFCON Demo
1643320,/content/SeeingMachines/SeeingMachines/screenshots/1643320/screenshots/20241127022240_1.jpg,20241127022240_1.jpg,S.T.A.L.K.E.R. 2: Heart of Chornobyl
17520,/content/SeeingMachines/SeeingMachines/screenshots/17520/screenshots/2014-08-14_00001.jpg,2014-08-14_00001.jpg,Synergy
17520,/content/SeeingMachines/SeeingMachines/screenshots/17520/screenshots/2013-06-07_00009.jpg,2013-06-07_00009.jpg,Synergy
17520,/content/SeeingMachines/SeeingMachines/screenshots/17520/screenshots/2013-06-07_00005.jpg,2013-06-07_00005.jpg,Synergy
17520,/content/SeeingMachines/SeeingMachines/screenshots/17520/screenshots/2013-06-07_00006.jpg,2013-06-07_00006.jpg,Synergy
17520,/content/SeeingMachines/SeeingMachines/screenshots/17520/screenshots/2013-06-07_00001.jpg,2013-06-07_00001.jpg,Synergy
17520,/content/SeeingMachines/SeeingMachines/screenshots/17520/screenshots/2013-06-07_00007.jpg,2013-06-07_00007.jpg,Synergy
17520,/content/SeeingMachines/SeeingMachines/screenshots/17520/screenshots/2013-06-07_00004.jpg,2013-06-07_00004.jpg,Synergy
17520,/content/SeeingMachines/SeeingMachines/screenshots/17520/screenshots/2013-06-07_00002.jpg,2013-06-07_00002.jpg,Synergy
17520,/content/SeeingMachines/SeeingMachines/screenshots/17520/screenshots/2013-06-07_00008.jpg,2013-06-07_00008.jpg,Synergy
17520,/content/SeeingMachines/SeeingMachines/screenshots/17520/screenshots/2013-06-01_00001.jpg,2013-06-01_00001.jpg,Synergy
17520,/content/SeeingMachines/SeeingMachines/screenshots/17520/screenshots/2013-06-07_00003.jpg,2013-06-07_00003.jpg,Synergy
17700,/content/SeeingMachines/SeeingMachines/screenshots/17700/screenshots/2013-09-18_00001.jpg,2013-09-18_00001.jpg,INSURGENCY: Modern Infantry Combat
1771300,/content/SeeingMachines/SeeingMachines/screenshots/1771300/screenshots/20250715185021_1.jpg,20250715185021_1.jpg,Kingdom Come: Deliverance II
1771300,/content/SeeingMachines/SeeingMachines/screenshots/1771300/screenshots/20250523204812_1.jpg,20250523204812_1.jpg,Kingdom Come: Deliverance II
1808500,/content/SeeingMachines/SeeingMachines/screenshots/1808500/screenshots/20260126220957_1.jpg,20260126220957_1.jpg,ARC Raiders
1888930,/content/SeeingMachines/SeeingMachines/screenshots/1888930/screenshots/20230401021919_1.jpg,20230401021919_1.jpg,The Last of Us™ Part I
1888930,/content/SeeingMachines/SeeingMachines/screenshots/1888930/screenshots/20230328220256_1.jpg,20230328220256_1.jpg,The Last of Us™ Part I
1888930,/content/SeeingMachines/SeeingMachines/screenshots/1888930/screenshots/20230328193802_1.jpg,20230328193802_1.jpg,The Last of Us™ Part I
209080,/content/SeeingMachines/SeeingMachines/screenshots/209080/screenshots/2015-07-18_00001.jpg,2015-07-18_00001.jpg,Guns of Icarus Online
218620,/content/SeeingMachines/SeeingMachines/screenshots/218620/screenshots/2015-04-11_00001.jpg,2015-04-11_00001.jpg,PAYDAY 2
218620,/content/SeeingMachines/SeeingMachines/screenshots/218620/screenshots/2015-03-14_00001.jpg,2015-03-14_00001.jpg,PAYDAY 2
218620,/content/SeeingMachines/SeeingMachines/screenshots/218620/screenshots/2015-04-17_00001.jpg,2015-04-17_00001.jpg,PAYDAY 2
218620,/content/SeeingMachines/SeeingMachines/screenshots/218620/screenshots/2015-03-13_00001.jpg,2015-03-13_00001.jpg,PAYDAY 2
218620,/content/SeeingMachines/SeeingMachines/screenshots/218620/screenshots/2015-04-07_00001.jpg,2015-04-07_00001.jpg,PAYDAY 2
218620,/content/SeeingMachines/SeeingMachines/screenshots/218620/screenshots/2015-03-15_00004.jpg,2015-03-15_00004.jpg,PAYDAY 2
218620,/content/SeeingMachines/SeeingMachines/screenshots/218620/screenshots/2015-04-14_00001.jpg,2015-04-14_00001.jpg,PAYDAY 2
218620,/content/SeeingMachines/SeeingMachines/screenshots/218620/screenshots/2015-03-30_00003.jpg,2015-03-30_00003.jpg,PAYDAY 2
218620,/content/SeeingMachines/SeeingMachines/screenshots/218620/screenshots/2015-03-30_00001.jpg,2015-03-30_00001.jpg,PAYDAY 2
220,/content/SeeingMachines/SeeingMachines/screenshots/220/screenshots/2015-08-13_00001.jpg,2015-08-13_00001.jpg,Half-Life 2
220240,/content/SeeingMachines/SeeingMachines/screenshots/220240/screenshots/2014-10-10_00001.jpg,2014-10-10_00001.jpg,Far Cry 3
220240,/content/SeeingMachines/SeeingMachines/screenshots/220240/screenshots/2014-10-18_00001.jpg,2014-10-18_00001.jpg,Far Cry 3
220240,/content/SeeingMachines/SeeingMachines/screenshots/220240/screenshots/2014-10-19_00001.jpg,2014-10-19_00001.jpg,Far Cry 3
220240,/content/SeeingMachines/SeeingMachines/screenshots/220240/screenshots/2014-10-12_00001.jpg,2014-10-12_00001.jpg,Far Cry 3
220240,/content/SeeingMachines/SeeingMachines/screenshots/220240/screenshots/2014-10-18_00002.jpg,2014-10-18_00002.jpg,Far Cry 3
220240,/content/SeeingMachines/SeeingMachines/screenshots/220240/screenshots/2014-10-17_00001.jpg,2014-10-17_00001.jpg,Far Cry 3
221680,/content/SeeingMachines/SeeingMachines/screenshots/221680/screenshots/20190721183450_1.jpg,20190721183450_1.jpg,Rocksmith® 2014 Edition REMASTERED LEARN & PLAY
222880,/content/SeeingMachines/SeeingMachines/screenshots/222880/screenshots/20160625231520_1.jpg,20160625231520_1.jpg,Insurgency
222880,/content/SeeingMachines/SeeingMachines/screenshots/222880/screenshots/2015-07-29_00001.jpg,2015-07-29_00001.jpg,Insurgency
222880,/content/SeeingMachines/SeeingMachines/screenshots/222880/screenshots/2014-08-11_00001.jpg,2014-08-11_00001.jpg,Insurgency
22300,/content/SeeingMachines/SeeingMachines/screenshots/22300/screenshots/2014-06-07_00003.jpg,2014-06-07_00003.jpg,Fallout 3
22300,/content/SeeingMachines/SeeingMachines/screenshots/22300/screenshots/2014-06-07_00007.jpg,2014-06-07_00007.jpg,Fallout 3
22300,/content/SeeingMachines/SeeingMachines/screenshots/22300/screenshots/2014-06-07_00005.jpg,2014-06-07_00005.jpg,Fallout 3
22300,/content/SeeingMachines/SeeingMachines/screenshots/22300/screenshots/2014-06-07_00006.jpg,2014-06-07_00006.jpg,Fallout 3
22380,/content/SeeingMachines/SeeingMachines/screenshots/22380/screenshots/2014-06-25_00001.jpg,2014-06-25_00001.jpg,Fallout: New Vegas
224260,/content/SeeingMachines/SeeingMachines/screenshots/224260/screenshots/20160529012616_1.jpg,20160529012616_1.jpg,No More Room in Hell
228200,/content/SeeingMachines/SeeingMachines/screenshots/228200/screenshots/20170319220424_1.jpg,20170319220424_1.jpg,Company of Heroes
228200,/content/SeeingMachines/SeeingMachines/screenshots/228200/screenshots/2014-11-07_00001.jpg,2014-11-07_00001.jpg,Company of Heroes
228200,/content/SeeingMachines/SeeingMachines/screenshots/228200/screenshots/2014-08-01_00001.jpg,2014-08-01_00001.jpg,Company of Heroes
228200,/content/SeeingMachines/SeeingMachines/screenshots/228200/screenshots/2014-07-14_00002.jpg,2014-07-14_00002.jpg,Company of Heroes
228200,/content/SeeingMachines/SeeingMachines/screenshots/228200/screenshots/2013-11-01_00011.jpg,2013-11-01_00011.jpg,Company of Heroes
228200,/content/SeeingMachines/SeeingMachines/screenshots/228200/screenshots/2013-11-01_00007.jpg,2013-11-01_00007.jpg,Company of Heroes
228200,/content/SeeingMachines/SeeingMachines/screenshots/228200/screenshots/2013-11-01_00013.jpg,2013-11-01_00013.jpg,Company of Heroes
228200,/content/SeeingMachines/SeeingMachines/screenshots/228200/screenshots/2013-11-01_00015.jpg,2013-11-01_00015.jpg,Company of Heroes
228200,/content/SeeingMachines/SeeingMachines/screenshots/228200/screenshots/2013-11-01_00012.jpg,2013-11-01_00012.jpg,Company of Heroes
228200,/content/SeeingMachines/SeeingMachines/screenshots/228200/screenshots/2013-11-22_00001.jpg,2013-11-22_00001.jpg,Company of Heroes
228200,/content/SeeingMachines/SeeingMachines/screenshots/228200/screenshots/2013-11-01_00017.jpg,2013-11-01_00017.jpg,Company of Heroes
228200,/content/SeeingMachines/SeeingMachines/screenshots/228200/screenshots/2013-11-01_00010.jpg,2013-11-01_00010.jpg,Company of Heroes
228200,/content/SeeingMachines/SeeingMachines/screenshots/228200/screenshots/2013-11-01_00008.jpg,2013-11-01_00008.jpg,Company of Heroes
228200,/content/SeeingMachines/SeeingMachines/screenshots/228200/screenshots/2013-11-01_00018.jpg,2013-11-01_00018.jpg,Company of Heroes
228200,/content/SeeingMachines/SeeingMachines/screenshots/228200/screenshots/2013-11-01_00014.jpg,2013-11-01_00014.jpg,Company of Heroes
228200,/content/SeeingMachines/SeeingMachines/screenshots/228200/screenshots/2013-11-01_00016.jpg,2013-11-01_00016.jpg,Company of Heroes
228200,/content/SeeingMachines/SeeingMachines/screenshots/228200/screenshots/2013-11-01_00019.jpg,2013-11-01_00019.jpg,Company of Heroes
228200,/content/SeeingMachines/SeeingMachines/screenshots/228200/screenshots/2013-11-01_00009.jpg,2013-11-01_00009.jpg,Company of Heroes
228200,/content/SeeingMachines/SeeingMachines/screenshots/228200/screenshots/2013-09-14_00002.jpg,2013-09-14_00002.jpg,Company of Heroes
228200,/content/SeeingMachines/SeeingMachines/screenshots/228200/screenshots/2013-11-01_00004.jpg,2013-11-01_00004.jpg,Company of Heroes
228200,/content/SeeingMachines/SeeingMachines/screenshots/228200/screenshots/2013-11-01_00001.jpg,2013-11-01_00001.jpg,Company of Heroes
228200,/content/SeeingMachines/SeeingMachines/screenshots/228200/screenshots/2013-09-13_00001.jpg,2013-09-13_00001.jpg,Company of Heroes
228200,/content/SeeingMachines/SeeingMachines/screenshots/228200/screenshots/2013-09-14_00001.jpg,2013-09-14_00001.jpg,Company of Heroes
228200,/content/SeeingMachines/SeeingMachines/screenshots/228200/screenshots/2013-09-13_00002.jpg,2013-09-13_00002.jpg,Company of Heroes
228200,/content/SeeingMachines/SeeingMachines/screenshots/228200/screenshots/2013-11-01_00005.jpg,2013-11-01_00005.jpg,Company of Heroes
228200,/content/SeeingMachines/SeeingMachines/screenshots/228200/screenshots/2013-11-01_00002.jpg,2013-11-01_00002.jpg,Company of Heroes
228200,/content/SeeingMachines/SeeingMachines/screenshots/228200/screenshots/2013-11-01_00006.jpg,2013-11-01_00006.jpg,Company of Heroes
228200,/content/SeeingMachines/SeeingMachines/screenshots/228200/screenshots/2013-11-01_00003.jpg,2013-11-01_00003.jpg,Company of Heroes
228200,/content/SeeingMachines/SeeingMachines/screenshots/228200/screenshots/2013-05-29_00001.jpg,2013-05-29_00001.jpg,Company of Heroes
236390,/content/SeeingMachines/SeeingMachines/screenshots/236390/screenshots/2014-11-14_00001.jpg,2014-11-14_00001.jpg,War Thunder
236390,/content/SeeingMachines/SeeingMachines/screenshots/236390/screenshots/2014-05-28_00001.jpg,2014-05-28_00001.jpg,War Thunder
236390,/content/SeeingMachines/SeeingMachines/screenshots/236390/screenshots/2014-06-30_00001.jpg,2014-06-30_00001.jpg,War Thunder
236390,/content/SeeingMachines/SeeingMachines/screenshots/236390/screenshots/2014-06-01_00001.jpg,2014-06-01_00001.jpg,War Thunder
236390,/content/SeeingMachines/SeeingMachines/screenshots/236390/screenshots/2014-06-30_00002.jpg,2014-06-30_00002.jpg,War Thunder
238460,/content/SeeingMachines/SeeingMachines/screenshots/238460/screenshots/20170216015438_1.jpg,20170216015438_1.jpg,BattleBlock Theater®
238460,/content/SeeingMachines/SeeingMachines/screenshots/238460/screenshots/20170215005809_1.jpg,20170215005809_1.jpg,BattleBlock Theater®
239140,/content/SeeingMachines/SeeingMachines/screenshots/239140/screenshots/20180815032951_1.jpg,20180815032951_1.jpg,Dying Light
239140,/content/SeeingMachines/SeeingMachines/screenshots/239140/screenshots/20180712204807_1.jpg,20180712204807_1.jpg,Dying Light
244850,/content/SeeingMachines/SeeingMachines/screenshots/244850/screenshots/20181013210835_1.jpg,20181013210835_1.jpg,Space Engineers
244850,/content/SeeingMachines/SeeingMachines/screenshots/244850/screenshots/2015-07-09_00007.jpg,2015-07-09_00007.jpg,Space Engineers
244850,/content/SeeingMachines/SeeingMachines/screenshots/244850/screenshots/2015-07-09_00004.jpg,2015-07-09_00004.jpg,Space Engineers
244850,/content/SeeingMachines/SeeingMachines/screenshots/244850/screenshots/2015-07-10_00002.jpg,2015-07-10_00002.jpg,Space Engineers
244850,/content/SeeingMachines/SeeingMachines/screenshots/244850/screenshots/2015-07-09_00001.jpg,2015-07-09_00001.jpg,Space Engineers
244850,/content/SeeingMachines/SeeingMachines/screenshots/244850/screenshots/2015-07-09_00003.jpg,2015-07-09_00003.jpg,Space Engineers
244850,/content/SeeingMachines/SeeingMachines/screenshots/244850/screenshots/2014-07-12_00002.jpg,2014-07-12_00002.jpg,Space Engineers
244850,/content/SeeingMachines/SeeingMachines/screenshots/244850/screenshots/2014-07-12_00001.jpg,2014-07-12_00001.jpg,Space Engineers
252490,/content/SeeingMachines/SeeingMachines/screenshots/252490/screenshots/20180302044359_1.jpg,20180302044359_1.jpg,Rust
252490,/content/SeeingMachines/SeeingMachines/screenshots/252490/screenshots/20171221201232_1.jpg,20171221201232_1.jpg,Rust
252490,/content/SeeingMachines/SeeingMachines/screenshots/252490/screenshots/20180313215941_1.jpg,20180313215941_1.jpg,Rust
252490,/content/SeeingMachines/SeeingMachines/screenshots/252490/screenshots/20180222032929_1.jpg,20180222032929_1.jpg,Rust
252490,/content/SeeingMachines/SeeingMachines/screenshots/252490/screenshots/20181008194718_1.jpg,20181008194718_1.jpg,Rust
252950,/content/SeeingMachines/SeeingMachines/screenshots/252950/screenshots/20190516002418_1.jpg,20190516002418_1.jpg,Rocket League®
252950,/content/SeeingMachines/SeeingMachines/screenshots/252950/screenshots/20180306011048_1.jpg,20180306011048_1.jpg,Rocket League®
252950,/content/SeeingMachines/SeeingMachines/screenshots/252950/screenshots/20171027213345_1.jpg,20171027213345_1.jpg,Rocket League®
2531310,/content/SeeingMachines/SeeingMachines/screenshots/2531310/screenshots/20250505031017_1.jpg,20250505031017_1.jpg,The Last of Us™ Part II Remastered
2531310,/content/SeeingMachines/SeeingMachines/screenshots/2531310/screenshots/20260322010716_1.jpg,20260322010716_1.jpg,The Last of Us™ Part II Remastered
2531310,/content/SeeingMachines/SeeingMachines/screenshots/2531310/screenshots/20250506015901_1.jpg,20250506015901_1.jpg,The Last of Us™ Part II Remastered
2531310,/content/SeeingMachines/SeeingMachines/screenshots/2531310/screenshots/20260322011601_1.jpg,20260322011601_1.jpg,The Last of Us™ Part II Remastered
261180,/content/SeeingMachines/SeeingMachines/screenshots/261180/screenshots/2014-11-02_00001.jpg,2014-11-02_00001.jpg,Lethal League
261180,/content/SeeingMachines/SeeingMachines/screenshots/261180/screenshots/2014-11-02_00002.jpg,2014-11-02_00002.jpg,Lethal League
271590,/content/SeeingMachines/SeeingMachines/screenshots/271590/screenshots/20210427181443_1.jpg,20210427181443_1.jpg,Grand Theft Auto V Legacy
271590,/content/SeeingMachines/SeeingMachines/screenshots/271590/screenshots/20200430205939_1.jpg,20200430205939_1.jpg,Grand Theft Auto V Legacy
271590,/content/SeeingMachines/SeeingMachines/screenshots/271590/screenshots/20190815012349_1.jpg,20190815012349_1.jpg,Grand Theft Auto V Legacy
271590,/content/SeeingMachines/SeeingMachines/screenshots/271590/screenshots/20190920001356_1.jpg,20190920001356_1.jpg,Grand Theft Auto V Legacy
271590,/content/SeeingMachines/SeeingMachines/screenshots/271590/screenshots/20190726030855_1.jpg,20190726030855_1.jpg,Grand Theft Auto V Legacy
271590,/content/SeeingMachines/SeeingMachines/screenshots/271590/screenshots/20190819025207_1.jpg,20190819025207_1.jpg,Grand Theft Auto V Legacy
271590,/content/SeeingMachines/SeeingMachines/screenshots/271590/screenshots/20190716232246_1.jpg,20190716232246_1.jpg,Grand Theft Auto V Legacy
271590,/content/SeeingMachines/SeeingMachines/screenshots/271590/screenshots/20190710225922_1.jpg,20190710225922_1.jpg,Grand Theft Auto V Legacy
271590,/content/SeeingMachines/SeeingMachines/screenshots/271590/screenshots/20190712025310_1.jpg,20190712025310_1.jpg,Grand Theft Auto V Legacy
271590,/content/SeeingMachines/SeeingMachines/screenshots/271590/screenshots/20190701050341_1.jpg,20190701050341_1.jpg,Grand Theft Auto V Legacy
271590,/content/SeeingMachines/SeeingMachines/screenshots/271590/screenshots/20190710225223_1.jpg,20190710225223_1.jpg,Grand Theft Auto V Legacy
271590,/content/SeeingMachines/SeeingMachines/screenshots/271590/screenshots/20190715000749_1.jpg,20190715000749_1.jpg,Grand Theft Auto V Legacy
271590,/content/SeeingMachines/SeeingMachines/screenshots/271590/screenshots/20190710225424_1.jpg,20190710225424_1.jpg,Grand Theft Auto V Legacy
271590,/content/SeeingMachines/SeeingMachines/screenshots/271590/screenshots/20170622212830_1.jpg,20170622212830_1.jpg,Grand Theft Auto V Legacy
271590,/content/SeeingMachines/SeeingMachines/screenshots/271590/screenshots/20170623210042_1.jpg,20170623210042_1.jpg,Grand Theft Auto V Legacy
271590,/content/SeeingMachines/SeeingMachines/screenshots/271590/screenshots/20171216163041_1.jpg,20171216163041_1.jpg,Grand Theft Auto V Legacy
271590,/content/SeeingMachines/SeeingMachines/screenshots/271590/screenshots/20170623002818_1.jpg,20170623002818_1.jpg,Grand Theft Auto V Legacy
271590,/content/SeeingMachines/SeeingMachines/screenshots/271590/screenshots/20170623002911_1.jpg,20170623002911_1.jpg,Grand Theft Auto V Legacy
271590,/content/SeeingMachines/SeeingMachines/screenshots/271590/screenshots/20171111180253_1.jpg,20171111180253_1.jpg,Grand Theft Auto V Legacy
271590,/content/SeeingMachines/SeeingMachines/screenshots/271590/screenshots/20170730202716_1.jpg,20170730202716_1.jpg,Grand Theft Auto V Legacy
271590,/content/SeeingMachines/SeeingMachines/screenshots/271590/screenshots/20170623003152_1.jpg,20170623003152_1.jpg,Grand Theft Auto V Legacy
271590,/content/SeeingMachines/SeeingMachines/screenshots/271590/screenshots/20170802010711_1.jpg,20170802010711_1.jpg,Grand Theft Auto V Legacy
271590,/content/SeeingMachines/SeeingMachines/screenshots/271590/screenshots/20170619225919_1.jpg,20170619225919_1.jpg,Grand Theft Auto V Legacy
271590,/content/SeeingMachines/SeeingMachines/screenshots/271590/screenshots/20170619225829_1.jpg,20170619225829_1.jpg,Grand Theft Auto V Legacy
271590,/content/SeeingMachines/SeeingMachines/screenshots/271590/screenshots/2015-12-10_00005.jpg,2015-12-10_00005.jpg,Grand Theft Auto V Legacy
271590,/content/SeeingMachines/SeeingMachines/screenshots/271590/screenshots/2015-09-25_00001.jpg,2015-09-25_00001.jpg,Grand Theft Auto V Legacy
271590,/content/SeeingMachines/SeeingMachines/screenshots/271590/screenshots/20161214141852_1.jpg,20161214141852_1.jpg,Grand Theft Auto V Legacy
271590,/content/SeeingMachines/SeeingMachines/screenshots/271590/screenshots/20160423233259_1.jpg,20160423233259_1.jpg,Grand Theft Auto V Legacy
271590,/content/SeeingMachines/SeeingMachines/screenshots/271590/screenshots/20160425191417_1.jpg,20160425191417_1.jpg,Grand Theft Auto V Legacy
271590,/content/SeeingMachines/SeeingMachines/screenshots/271590/screenshots/20160505005847_1.jpg,20160505005847_1.jpg,Grand Theft Auto V Legacy
271590,/content/SeeingMachines/SeeingMachines/screenshots/271590/screenshots/2015-11-02_00001.jpg,2015-11-02_00001.jpg,Grand Theft Auto V Legacy
271590,/content/SeeingMachines/SeeingMachines/screenshots/271590/screenshots/20160425192544_1.jpg,20160425192544_1.jpg,Grand Theft Auto V Legacy
271590,/content/SeeingMachines/SeeingMachines/screenshots/271590/screenshots/2015-07-20_00001.jpg,2015-07-20_00001.jpg,Grand Theft Auto V Legacy
271590,/content/SeeingMachines/SeeingMachines/screenshots/271590/screenshots/2015-07-25_00001.jpg,2015-07-25_00001.jpg,Grand Theft Auto V Legacy
271590,/content/SeeingMachines/SeeingMachines/screenshots/271590/screenshots/2015-07-21_00001.jpg,2015-07-21_00001.jpg,Grand Theft Auto V Legacy
271590,/content/SeeingMachines/SeeingMachines/screenshots/271590/screenshots/2015-05-08_00001.jpg,2015-05-08_00001.jpg,Grand Theft Auto V Legacy
271590,/content/SeeingMachines/SeeingMachines/screenshots/271590/screenshots/2015-05-16_00001.jpg,2015-05-16_00001.jpg,Grand Theft Auto V Legacy
271590,/content/SeeingMachines/SeeingMachines/screenshots/271590/screenshots/2015-05-06_00001.jpg,2015-05-06_00001.jpg,Grand Theft Auto V Legacy
271590,/content/SeeingMachines/SeeingMachines/screenshots/271590/screenshots/2015-05-01_00001.jpg,2015-05-01_00001.jpg,Grand Theft Auto V Legacy
271590,/content/SeeingMachines/SeeingMachines/screenshots/271590/screenshots/2015-05-05_00001.jpg,2015-05-05_00001.jpg,Grand Theft Auto V Legacy
2807960,/content/SeeingMachines/SeeingMachines/screenshots/2807960/screenshots/20251124020905_1.jpg,20251124020905_1.jpg,Battlefield™ 6
287700,/content/SeeingMachines/SeeingMachines/screenshots/287700/screenshots/20201109185656_1.jpg,20201109185656_1.jpg,METAL GEAR SOLID V: THE PHANTOM PAIN
287700,/content/SeeingMachines/SeeingMachines/screenshots/287700/screenshots/20180208183503_1.jpg,20180208183503_1.jpg,METAL GEAR SOLID V: THE PHANTOM PAIN
287700,/content/SeeingMachines/SeeingMachines/screenshots/287700/screenshots/20180209170059_1.jpg,20180209170059_1.jpg,METAL GEAR SOLID V: THE PHANTOM PAIN
287700,/content/SeeingMachines/SeeingMachines/screenshots/287700/screenshots/20180205182752_1.jpg,20180205182752_1.jpg,METAL GEAR SOLID V: THE PHANTOM PAIN
287700,/content/SeeingMachines/SeeingMachines/screenshots/287700/screenshots/20180205182558_1.jpg,20180205182558_1.jpg,METAL GEAR SOLID V: THE PHANTOM PAIN
287700,/content/SeeingMachines/SeeingMachines/screenshots/287700/screenshots/20170120153043_1.jpg,20170120153043_1.jpg,METAL GEAR SOLID V: THE PHANTOM PAIN
287700,/content/SeeingMachines/SeeingMachines/screenshots/287700/screenshots/20170125231937_1.jpg,20170125231937_1.jpg,METAL GEAR SOLID V: THE PHANTOM PAIN
287700,/content/SeeingMachines/SeeingMachines/screenshots/287700/screenshots/20170322024044_1.jpg,20170322024044_1.jpg,METAL GEAR SOLID V: THE PHANTOM PAIN
287700,/content/SeeingMachines/SeeingMachines/screenshots/287700/screenshots/20170125231910_1.jpg,20170125231910_1.jpg,METAL GEAR SOLID V: THE PHANTOM PAIN
287700,/content/SeeingMachines/SeeingMachines/screenshots/287700/screenshots/2015-09-11_00009.jpg,2015-09-11_00009.jpg,METAL GEAR SOLID V: THE PHANTOM PAIN
287700,/content/SeeingMachines/SeeingMachines/screenshots/287700/screenshots/2015-09-11_00011.jpg,2015-09-11_00011.jpg,METAL GEAR SOLID V: THE PHANTOM PAIN
287700,/content/SeeingMachines/SeeingMachines/screenshots/287700/screenshots/2015-09-19_00002.jpg,2015-09-19_00002.jpg,METAL GEAR SOLID V: THE PHANTOM PAIN
287700,/content/SeeingMachines/SeeingMachines/screenshots/287700/screenshots/2015-09-19_00001.jpg,2015-09-19_00001.jpg,METAL GEAR SOLID V: THE PHANTOM PAIN
287700,/content/SeeingMachines/SeeingMachines/screenshots/287700/screenshots/2015-09-11_00010.jpg,2015-09-11_00010.jpg,METAL GEAR SOLID V: THE PHANTOM PAIN
287700,/content/SeeingMachines/SeeingMachines/screenshots/287700/screenshots/2015-09-12_00001.jpg,2015-09-12_00001.jpg,METAL GEAR SOLID V: THE PHANTOM PAIN
287700,/content/SeeingMachines/SeeingMachines/screenshots/287700/screenshots/2015-09-11_00007.jpg,2015-09-11_00007.jpg,METAL GEAR SOLID V: THE PHANTOM PAIN
287700,/content/SeeingMachines/SeeingMachines/screenshots/287700/screenshots/2015-09-13_00002.jpg,2015-09-13_00002.jpg,METAL GEAR SOLID V: THE PHANTOM PAIN
287700,/content/SeeingMachines/SeeingMachines/screenshots/287700/screenshots/2015-09-11_00008.jpg,2015-09-11_00008.jpg,METAL GEAR SOLID V: THE PHANTOM PAIN
287700,/content/SeeingMachines/SeeingMachines/screenshots/287700/screenshots/2015-09-13_00001.jpg,2015-09-13_00001.jpg,METAL GEAR SOLID V: THE PHANTOM PAIN
287700,/content/SeeingMachines/SeeingMachines/screenshots/287700/screenshots/2015-09-12_00002.jpg,2015-09-12_00002.jpg,METAL GEAR SOLID V: THE PHANTOM PAIN
287700,/content/SeeingMachines/SeeingMachines/screenshots/287700/screenshots/2015-09-11_00005.jpg,2015-09-11_00005.jpg,METAL GEAR SOLID V: THE PHANTOM PAIN
287700,/content/SeeingMachines/SeeingMachines/screenshots/287700/screenshots/2015-09-08_00004.jpg,2015-09-08_00004.jpg,METAL GEAR SOLID V: THE PHANTOM PAIN
287700,/content/SeeingMachines/SeeingMachines/screenshots/287700/screenshots/2015-09-06_00001.jpg,2015-09-06_00001.jpg,METAL GEAR SOLID V: THE PHANTOM PAIN
287700,/content/SeeingMachines/SeeingMachines/screenshots/287700/screenshots/2015-09-08_00008.jpg,2015-09-08_00008.jpg,METAL GEAR SOLID V: THE PHANTOM PAIN
287700,/content/SeeingMachines/SeeingMachines/screenshots/287700/screenshots/2015-09-08_00009.jpg,2015-09-08_00009.jpg,METAL GEAR SOLID V: THE PHANTOM PAIN
287700,/content/SeeingMachines/SeeingMachines/screenshots/287700/screenshots/2015-09-11_00004.jpg,2015-09-11_00004.jpg,METAL GEAR SOLID V: THE PHANTOM PAIN
287700,/content/SeeingMachines/SeeingMachines/screenshots/287700/screenshots/2015-09-08_00001.jpg,2015-09-08_00001.jpg,METAL GEAR SOLID V: THE PHANTOM PAIN
287700,/content/SeeingMachines/SeeingMachines/screenshots/287700/screenshots/2015-09-05_00004.jpg,2015-09-05_00004.jpg,METAL GEAR SOLID V: THE PHANTOM PAIN
287700,/content/SeeingMachines/SeeingMachines/screenshots/287700/screenshots/2015-09-11_00003.jpg,2015-09-11_00003.jpg,METAL GEAR SOLID V: THE PHANTOM PAIN
287700,/content/SeeingMachines/SeeingMachines/screenshots/287700/screenshots/2015-09-11_00002.jpg,2015-09-11_00002.jpg,METAL GEAR SOLID V: THE PHANTOM PAIN
287700,/content/SeeingMachines/SeeingMachines/screenshots/287700/screenshots/2015-09-10_00001.jpg,2015-09-10_00001.jpg,METAL GEAR SOLID V: THE PHANTOM PAIN
287700,/content/SeeingMachines/SeeingMachines/screenshots/287700/screenshots/2015-09-05_00006.jpg,2015-09-05_00006.jpg,METAL GEAR SOLID V: THE PHANTOM PAIN
287700,/content/SeeingMachines/SeeingMachines/screenshots/287700/screenshots/2015-09-05_00001.jpg,2015-09-05_00001.jpg,METAL GEAR SOLID V: THE PHANTOM PAIN
287700,/content/SeeingMachines/SeeingMachines/screenshots/287700/screenshots/2015-09-08_00005.jpg,2015-09-08_00005.jpg,METAL GEAR SOLID V: THE PHANTOM PAIN
287700,/content/SeeingMachines/SeeingMachines/screenshots/287700/screenshots/2015-09-09_00003.jpg,2015-09-09_00003.jpg,METAL GEAR SOLID V: THE PHANTOM PAIN
287700,/content/SeeingMachines/SeeingMachines/screenshots/287700/screenshots/2015-09-05_00002.jpg,2015-09-05_00002.jpg,METAL GEAR SOLID V: THE PHANTOM PAIN
287700,/content/SeeingMachines/SeeingMachines/screenshots/287700/screenshots/2015-09-09_00004.jpg,2015-09-09_00004.jpg,METAL GEAR SOLID V: THE PHANTOM PAIN
287700,/content/SeeingMachines/SeeingMachines/screenshots/287700/screenshots/2015-09-09_00002.jpg,2015-09-09_00002.jpg,METAL GEAR SOLID V: THE PHANTOM PAIN
287700,/content/SeeingMachines/SeeingMachines/screenshots/287700/screenshots/2015-09-09_00001.jpg,2015-09-09_00001.jpg,METAL GEAR SOLID V: THE PHANTOM PAIN
287700,/content/SeeingMachines/SeeingMachines/screenshots/287700/screenshots/2015-09-04_00001.jpg,2015-09-04_00001.jpg,METAL GEAR SOLID V: THE PHANTOM PAIN
287700,/content/SeeingMachines/SeeingMachines/screenshots/287700/screenshots/2015-09-08_00003.jpg,2015-09-08_00003.jpg,METAL GEAR SOLID V: THE PHANTOM PAIN
287700,/content/SeeingMachines/SeeingMachines/screenshots/287700/screenshots/2015-09-11_00006.jpg,2015-09-11_00006.jpg,METAL GEAR SOLID V: THE PHANTOM PAIN
287700,/content/SeeingMachines/SeeingMachines/screenshots/287700/screenshots/2015-09-07_00001.jpg,2015-09-07_00001.jpg,METAL GEAR SOLID V: THE PHANTOM PAIN
287700,/content/SeeingMachines/SeeingMachines/screenshots/287700/screenshots/2015-09-02_00013.jpg,2015-09-02_00013.jpg,METAL GEAR SOLID V: THE PHANTOM PAIN
287700,/content/SeeingMachines/SeeingMachines/screenshots/287700/screenshots/2015-09-03_00001.jpg,2015-09-03_00001.jpg,METAL GEAR SOLID V: THE PHANTOM PAIN
287700,/content/SeeingMachines/SeeingMachines/screenshots/287700/screenshots/2015-09-02_00001.jpg,2015-09-02_00001.jpg,METAL GEAR SOLID V: THE PHANTOM PAIN
287700,/content/SeeingMachines/SeeingMachines/screenshots/287700/screenshots/2015-09-02_00014.jpg,2015-09-02_00014.jpg,METAL GEAR SOLID V: THE PHANTOM PAIN
287700,/content/SeeingMachines/SeeingMachines/screenshots/287700/screenshots/2015-09-02_00002.jpg,2015-09-02_00002.jpg,METAL GEAR SOLID V: THE PHANTOM PAIN
287700,/content/SeeingMachines/SeeingMachines/screenshots/287700/screenshots/2015-09-02_00008.jpg,2015-09-02_00008.jpg,METAL GEAR SOLID V: THE PHANTOM PAIN
287700,/content/SeeingMachines/SeeingMachines/screenshots/287700/screenshots/2015-09-03_00002.jpg,2015-09-03_00002.jpg,METAL GEAR SOLID V: THE PHANTOM PAIN
287700,/content/SeeingMachines/SeeingMachines/screenshots/287700/screenshots/2015-09-02_00006.jpg,2015-09-02_00006.jpg,METAL GEAR SOLID V: THE PHANTOM PAIN
287700,/content/SeeingMachines/SeeingMachines/screenshots/287700/screenshots/2015-09-02_00005.jpg,2015-09-02_00005.jpg,METAL GEAR SOLID V: THE PHANTOM PAIN
287700,/content/SeeingMachines/SeeingMachines/screenshots/287700/screenshots/2015-09-02_00015.jpg,2015-09-02_00015.jpg,METAL GEAR SOLID V: THE PHANTOM PAIN
287700,/content/SeeingMachines/SeeingMachines/screenshots/287700/screenshots/2015-09-02_00012.jpg,2015-09-02_00012.jpg,METAL GEAR SOLID V: THE PHANTOM PAIN
287700,/content/SeeingMachines/SeeingMachines/screenshots/287700/screenshots/2015-09-02_00010.jpg,2015-09-02_00010.jpg,METAL GEAR SOLID V: THE PHANTOM PAIN
287700,/content/SeeingMachines/SeeingMachines/screenshots/287700/screenshots/2015-09-02_00009.jpg,2015-09-02_00009.jpg,METAL GEAR SOLID V: THE PHANTOM PAIN
287700,/content/SeeingMachines/SeeingMachines/screenshots/287700/screenshots/2015-09-02_00003.jpg,2015-09-02_00003.jpg,METAL GEAR SOLID V: THE PHANTOM PAIN
287700,/content/SeeingMachines/SeeingMachines/screenshots/287700/screenshots/2015-09-02_00004.jpg,2015-09-02_00004.jpg,METAL GEAR SOLID V: THE PHANTOM PAIN
287700,/content/SeeingMachines/SeeingMachines/screenshots/287700/screenshots/2015-09-02_00011.jpg,2015-09-02_00011.jpg,METAL GEAR SOLID V: THE PHANTOM PAIN
287700,/content/SeeingMachines/SeeingMachines/screenshots/287700/screenshots/2015-09-02_00007.jpg,2015-09-02_00007.jpg,METAL GEAR SOLID V: THE PHANTOM PAIN
298110,/content/SeeingMachines/SeeingMachines/screenshots/298110/screenshots/20170613134231_1.jpg,20170613134231_1.jpg,Far Cry® 4
298110,/content/SeeingMachines/SeeingMachines/screenshots/298110/screenshots/20170613134138_1.jpg,20170613134138_1.jpg,Far Cry® 4
298110,/content/SeeingMachines/SeeingMachines/screenshots/298110/screenshots/20170613134220_1.jpg,20170613134220_1.jpg,Far Cry® 4
298110,/content/SeeingMachines/SeeingMachines/screenshots/298110/screenshots/2015-07-28_00001.jpg,2015-07-28_00001.jpg,Far Cry® 4
298110,/content/SeeingMachines/SeeingMachines/screenshots/298110/screenshots/2015-07-28_00004.jpg,2015-07-28_00004.jpg,Far Cry® 4
298110,/content/SeeingMachines/SeeingMachines/screenshots/298110/screenshots/2015-07-28_00002.jpg,2015-07-28_00002.jpg,Far Cry® 4
298110,/content/SeeingMachines/SeeingMachines/screenshots/298110/screenshots/2014-12-04_00001.jpg,2014-12-04_00001.jpg,Far Cry® 4
298110,/content/SeeingMachines/SeeingMachines/screenshots/298110/screenshots/2014-12-19_00003.jpg,2014-12-19_00003.jpg,Far Cry® 4
298110,/content/SeeingMachines/SeeingMachines/screenshots/298110/screenshots/2014-12-05_00002.jpg,2014-12-05_00002.jpg,Far Cry® 4
298110,/content/SeeingMachines/SeeingMachines/screenshots/298110/screenshots/2014-12-04_00002.jpg,2014-12-04_00002.jpg,Far Cry® 4
298110,/content/SeeingMachines/SeeingMachines/screenshots/298110/screenshots/2014-12-05_00004.jpg,2014-12-05_00004.jpg,Far Cry® 4
298110,/content/SeeingMachines/SeeingMachines/screenshots/298110/screenshots/2014-12-07_00001.jpg,2014-12-07_00001.jpg,Far Cry® 4
298110,/content/SeeingMachines/SeeingMachines/screenshots/298110/screenshots/2014-12-04_00003.jpg,2014-12-04_00003.jpg,Far Cry® 4
298110,/content/SeeingMachines/SeeingMachines/screenshots/298110/screenshots/2014-12-19_00002.jpg,2014-12-19_00002.jpg,Far Cry® 4
298110,/content/SeeingMachines/SeeingMachines/screenshots/298110/screenshots/2014-12-05_00005.jpg,2014-12-05_00005.jpg,Far Cry® 4
298110,/content/SeeingMachines/SeeingMachines/screenshots/298110/screenshots/2014-12-05_00007.jpg,2014-12-05_00007.jpg,Far Cry® 4
304930,/content/SeeingMachines/SeeingMachines/screenshots/304930/screenshots/20170201012542_1.jpg,20170201012542_1.jpg,Unturned
304930,/content/SeeingMachines/SeeingMachines/screenshots/304930/screenshots/2014-07-10_00001.jpg,2014-07-10_00001.jpg,Unturned
304930,/content/SeeingMachines/SeeingMachines/screenshots/304930/screenshots/2014-08-01_00001.jpg,2014-08-01_00001.jpg,Unturned
305620,/content/SeeingMachines/SeeingMachines/screenshots/305620/screenshots/2015-02-10_00002.jpg,2015-02-10_00002.jpg,The Long Dark
305620,/content/SeeingMachines/SeeingMachines/screenshots/305620/screenshots/2015-02-10_00001.jpg,2015-02-10_00001.jpg,The Long Dark
305620,/content/SeeingMachines/SeeingMachines/screenshots/305620/screenshots/2015-02-09_00002.jpg,2015-02-09_00002.jpg,The Long Dark
305620,/content/SeeingMachines/SeeingMachines/screenshots/305620/screenshots/2015-02-16_00001.jpg,2015-02-16_00001.jpg,The Long Dark
316050,/content/SeeingMachines/SeeingMachines/screenshots/316050/screenshots/2015-07-09_00002.jpg,2015-07-09_00002.jpg,Rodina Demo
316050,/content/SeeingMachines/SeeingMachines/screenshots/316050/screenshots/2015-07-09_00004.jpg,2015-07-09_00004.jpg,Rodina Demo
316050,/content/SeeingMachines/SeeingMachines/screenshots/316050/screenshots/2015-07-09_00003.jpg,2015-07-09_00003.jpg,Rodina Demo
316050,/content/SeeingMachines/SeeingMachines/screenshots/316050/screenshots/2015-07-09_00001.jpg,2015-07-09_00001.jpg,Rodina Demo
316050,/content/SeeingMachines/SeeingMachines/screenshots/316050/screenshots/2015-07-09_00008.jpg,2015-07-09_00008.jpg,Rodina Demo
33930,/content/SeeingMachines/SeeingMachines/screenshots/33930/screenshots/2015-12-29_00003.jpg,2015-12-29_00003.jpg,Arma 2: Operation Arrowhead
33930,/content/SeeingMachines/SeeingMachines/screenshots/33930/screenshots/2015-12-29_00004.jpg,2015-12-29_00004.jpg,Arma 2: Operation Arrowhead
33930,/content/SeeingMachines/SeeingMachines/screenshots/33930/screenshots/2015-07-15_00005.jpg,2015-07-15_00005.jpg,Arma 2: Operation Arrowhead
33930,/content/SeeingMachines/SeeingMachines/screenshots/33930/screenshots/2015-07-15_00004.jpg,2015-07-15_00004.jpg,Arma 2: Operation Arrowhead
33930,/content/SeeingMachines/SeeingMachines/screenshots/33930/screenshots/2015-03-06_00001.jpg,2015-03-06_00001.jpg,Arma 2: Operation Arrowhead
33930,/content/SeeingMachines/SeeingMachines/screenshots/33930/screenshots/2015-03-06_00002.jpg,2015-03-06_00002.jpg,Arma 2: Operation Arrowhead
33930,/content/SeeingMachines/SeeingMachines/screenshots/33930/screenshots/2014-08-21_00002.jpg,2014-08-21_00002.jpg,Arma 2: Operation Arrowhead
33930,/content/SeeingMachines/SeeingMachines/screenshots/33930/screenshots/2014-08-25_00001.jpg,2014-08-25_00001.jpg,Arma 2: Operation Arrowhead
33930,/content/SeeingMachines/SeeingMachines/screenshots/33930/screenshots/2014-03-26_00003.jpg,2014-03-26_00003.jpg,Arma 2: Operation Arrowhead
33930,/content/SeeingMachines/SeeingMachines/screenshots/33930/screenshots/2014-03-26_00001.jpg,2014-03-26_00001.jpg,Arma 2: Operation Arrowhead
33930,/content/SeeingMachines/SeeingMachines/screenshots/33930/screenshots/2014-05-25_00001.jpg,2014-05-25_00001.jpg,Arma 2: Operation Arrowhead
33930,/content/SeeingMachines/SeeingMachines/screenshots/33930/screenshots/2014-01-04_00001.jpg,2014-01-04_00001.jpg,Arma 2: Operation Arrowhead
33930,/content/SeeingMachines/SeeingMachines/screenshots/33930/screenshots/2014-02-03_00001.jpg,2014-02-03_00001.jpg,Arma 2: Operation Arrowhead
33930,/content/SeeingMachines/SeeingMachines/screenshots/33930/screenshots/2013-10-24_00001.jpg,2013-10-24_00001.jpg,Arma 2: Operation Arrowhead
346010,/content/SeeingMachines/SeeingMachines/screenshots/346010/screenshots/20181117030710_1.jpg,20181117030710_1.jpg,Besiege
346010,/content/SeeingMachines/SeeingMachines/screenshots/346010/screenshots/20181117030916_1.jpg,20181117030916_1.jpg,Besiege
346010,/content/SeeingMachines/SeeingMachines/screenshots/346010/screenshots/20181117030643_1.jpg,20181117030643_1.jpg,Besiege
346010,/content/SeeingMachines/SeeingMachines/screenshots/346010/screenshots/20181117030938_1.jpg,20181117030938_1.jpg,Besiege
346010,/content/SeeingMachines/SeeingMachines/screenshots/346010/screenshots/20181117030700_1.jpg,20181117030700_1.jpg,Besiege
3527290,/content/SeeingMachines/SeeingMachines/screenshots/3527290/screenshots/20250625000718_1.jpg,20250625000718_1.jpg,PEAK
3527290,/content/SeeingMachines/SeeingMachines/screenshots/3527290/screenshots/20250625000704_1.jpg,20250625000704_1.jpg,PEAK
359550,/content/SeeingMachines/SeeingMachines/screenshots/359550/screenshots/20190909233012_1.jpg,20190909233012_1.jpg,Tom Clancy's Rainbow Six Siege
359550,/content/SeeingMachines/SeeingMachines/screenshots/359550/screenshots/20190913231308_1.jpg,20190913231308_1.jpg,Tom Clancy's Rainbow Six Siege
359550,/content/SeeingMachines/SeeingMachines/screenshots/359550/screenshots/20191002225605_1.jpg,20191002225605_1.jpg,Tom Clancy's Rainbow Six Siege
359550,/content/SeeingMachines/SeeingMachines/screenshots/359550/screenshots/20190814012255_1.jpg,20190814012255_1.jpg,Tom Clancy's Rainbow Six Siege
359550,/content/SeeingMachines/SeeingMachines/screenshots/359550/screenshots/20191113234309_1.jpg,20191113234309_1.jpg,Tom Clancy's Rainbow Six Siege
359550,/content/SeeingMachines/SeeingMachines/screenshots/359550/screenshots/20191017233751_1.jpg,20191017233751_1.jpg,Tom Clancy's Rainbow Six Siege
359550,/content/SeeingMachines/SeeingMachines/screenshots/359550/screenshots/20200112223820_1.jpg,20200112223820_1.jpg,Tom Clancy's Rainbow Six Siege
359550,/content/SeeingMachines/SeeingMachines/screenshots/359550/screenshots/20190729211647_1.jpg,20190729211647_1.jpg,Tom Clancy's Rainbow Six Siege
359550,/content/SeeingMachines/SeeingMachines/screenshots/359550/screenshots/20190305033119_1.jpg,20190305033119_1.jpg,Tom Clancy's Rainbow Six Siege
359550,/content/SeeingMachines/SeeingMachines/screenshots/359550/screenshots/20190106223401_1.jpg,20190106223401_1.jpg,Tom Clancy's Rainbow Six Siege
359550,/content/SeeingMachines/SeeingMachines/screenshots/359550/screenshots/20190602034938_1.jpg,20190602034938_1.jpg,Tom Clancy's Rainbow Six Siege
359550,/content/SeeingMachines/SeeingMachines/screenshots/359550/screenshots/20190310230356_1.jpg,20190310230356_1.jpg,Tom Clancy's Rainbow Six Siege
359550,/content/SeeingMachines/SeeingMachines/screenshots/359550/screenshots/20190602202354_1.jpg,20190602202354_1.jpg,Tom Clancy's Rainbow Six Siege
359550,/content/SeeingMachines/SeeingMachines/screenshots/359550/screenshots/20190504021531_1.jpg,20190504021531_1.jpg,Tom Clancy's Rainbow Six Siege
359550,/content/SeeingMachines/SeeingMachines/screenshots/359550/screenshots/20190119232710_1.jpg,20190119232710_1.jpg,Tom Clancy's Rainbow Six Siege
359550,/content/SeeingMachines/SeeingMachines/screenshots/359550/screenshots/20190206004802_1.jpg,20190206004802_1.jpg,Tom Clancy's Rainbow Six Siege
359550,/content/SeeingMachines/SeeingMachines/screenshots/359550/screenshots/20190330010745_1.jpg,20190330010745_1.jpg,Tom Clancy's Rainbow Six Siege
359550,/content/SeeingMachines/SeeingMachines/screenshots/359550/screenshots/20190202234835_1.jpg,20190202234835_1.jpg,Tom Clancy's Rainbow Six Siege
359550,/content/SeeingMachines/SeeingMachines/screenshots/359550/screenshots/20181019001821_1.jpg,20181019001821_1.jpg,Tom Clancy's Rainbow Six Siege
359550,/content/SeeingMachines/SeeingMachines/screenshots/359550/screenshots/20181111175454_1.jpg,20181111175454_1.jpg,Tom Clancy's Rainbow Six Siege
359550,/content/SeeingMachines/SeeingMachines/screenshots/359550/screenshots/20180726235346_1.jpg,20180726235346_1.jpg,Tom Clancy's Rainbow Six Siege
359550,/content/SeeingMachines/SeeingMachines/screenshots/359550/screenshots/20171112035200_1.jpg,20171112035200_1.jpg,Tom Clancy's Rainbow Six Siege
374320,/content/SeeingMachines/SeeingMachines/screenshots/374320/screenshots/20210301180810_1.jpg,20210301180810_1.jpg,DARK SOULS™ III
374320,/content/SeeingMachines/SeeingMachines/screenshots/374320/screenshots/20190908012415_1.jpg,20190908012415_1.jpg,DARK SOULS™ III
374320,/content/SeeingMachines/SeeingMachines/screenshots/374320/screenshots/20200202030350_1.jpg,20200202030350_1.jpg,DARK SOULS™ III
39000,/content/SeeingMachines/SeeingMachines/screenshots/39000/screenshots/2013-11-16_00001.jpg,2013-11-16_00001.jpg,Moonbase Alpha
394360,/content/SeeingMachines/SeeingMachines/screenshots/394360/screenshots/20200527040757_1.jpg,20200527040757_1.jpg,Hearts of Iron IV
394360,/content/SeeingMachines/SeeingMachines/screenshots/394360/screenshots/20180820234614_1.jpg,20180820234614_1.jpg,Hearts of Iron IV
394360,/content/SeeingMachines/SeeingMachines/screenshots/394360/screenshots/20180723042353_1.jpg,20180723042353_1.jpg,Hearts of Iron IV
394360,/content/SeeingMachines/SeeingMachines/screenshots/394360/screenshots/20171121223643_1.jpg,20171121223643_1.jpg,Hearts of Iron IV
394360,/content/SeeingMachines/SeeingMachines/screenshots/394360/screenshots/20171104015743_1.jpg,20171104015743_1.jpg,Hearts of Iron IV
394690,/content/SeeingMachines/SeeingMachines/screenshots/394690/screenshots/20170420151544_1.jpg,20170420151544_1.jpg,Tower Unite
394690,/content/SeeingMachines/SeeingMachines/screenshots/394690/screenshots/20170423011942_1.jpg,20170423011942_1.jpg,Tower Unite
394690,/content/SeeingMachines/SeeingMachines/screenshots/394690/screenshots/20170420153408_1.jpg,20170420153408_1.jpg,Tower Unite
394690,/content/SeeingMachines/SeeingMachines/screenshots/394690/screenshots/20170420154432_1.jpg,20170420154432_1.jpg,Tower Unite
394690,/content/SeeingMachines/SeeingMachines/screenshots/394690/screenshots/20170415040523_1.jpg,20170415040523_1.jpg,Tower Unite
394690,/content/SeeingMachines/SeeingMachines/screenshots/394690/screenshots/20170420154440_1.jpg,20170420154440_1.jpg,Tower Unite
4000,/content/SeeingMachines/SeeingMachines/screenshots/4000/screenshots/20170727042315_1.jpg,20170727042315_1.jpg,Garry's Mod
4000,/content/SeeingMachines/SeeingMachines/screenshots/4000/screenshots/20170330014314_1.jpg,20170330014314_1.jpg,Garry's Mod
4000,/content/SeeingMachines/SeeingMachines/screenshots/4000/screenshots/2015-08-28_00001.jpg,2015-08-28_00001.jpg,Garry's Mod
4000,/content/SeeingMachines/SeeingMachines/screenshots/4000/screenshots/2015-08-22_00001.jpg,2015-08-22_00001.jpg,Garry's Mod
4000,/content/SeeingMachines/SeeingMachines/screenshots/4000/screenshots/2015-08-30_00001.jpg,2015-08-30_00001.jpg,Garry's Mod
4000,/content/SeeingMachines/SeeingMachines/screenshots/4000/screenshots/2015-08-30_00002.jpg,2015-08-30_00002.jpg,Garry's Mod
4000,/content/SeeingMachines/SeeingMachines/screenshots/4000/screenshots/2015-08-09_00002.jpg,2015-08-09_00002.jpg,Garry's Mod
4000,/content/SeeingMachines/SeeingMachines/screenshots/4000/screenshots/2014-10-12_00001.jpg,2014-10-12_00001.jpg,Garry's Mod
4000,/content/SeeingMachines/SeeingMachines/screenshots/4000/screenshots/2014-09-06_00001.jpg,2014-09-06_00001.jpg,Garry's Mod
4000,/content/SeeingMachines/SeeingMachines/screenshots/4000/screenshots/2014-06-26_00001.jpg,2014-06-26_00001.jpg,Garry's Mod
4000,/content/SeeingMachines/SeeingMachines/screenshots/4000/screenshots/2013-04-12_00001.jpg,2013-04-12_00001.jpg,Garry's Mod
4000,/content/SeeingMachines/SeeingMachines/screenshots/4000/screenshots/2012-03-31_00001.jpg,2012-03-31_00001.jpg,Garry's Mod
4000,/content/SeeingMachines/SeeingMachines/screenshots/4000/screenshots/2012-12-24_00002.jpg,2012-12-24_00002.jpg,Garry's Mod
4000,/content/SeeingMachines/SeeingMachines/screenshots/4000/screenshots/2012-03-10_00001.jpg,2012-03-10_00001.jpg,Garry's Mod
4000,/content/SeeingMachines/SeeingMachines/screenshots/4000/screenshots/2012-03-30_00001.jpg,2012-03-30_00001.jpg,Garry's Mod
4000,/content/SeeingMachines/SeeingMachines/screenshots/4000/screenshots/2012-04-14_00001.jpg,2012-04-14_00001.jpg,Garry's Mod
4000,/content/SeeingMachines/SeeingMachines/screenshots/4000/screenshots/2012-04-05_00001.jpg,2012-04-05_00001.jpg,Garry's Mod
4000,/content/SeeingMachines/SeeingMachines/screenshots/4000/screenshots/2012-03-10_00002.jpg,2012-03-10_00002.jpg,Garry's Mod
4000,/content/SeeingMachines/SeeingMachines/screenshots/4000/screenshots/2012-12-28_00002.jpg,2012-12-28_00002.jpg,Garry's Mod
4010,/content/SeeingMachines/SeeingMachines/screenshots/4010/screenshots/2012-07-06_00001.jpg,2012-07-06_00001.jpg,Unknown game (appid 4010)
4010,/content/SeeingMachines/SeeingMachines/screenshots/4010/screenshots/2012-07-06_00002.jpg,2012-07-06_00002.jpg,Unknown game (appid 4010)
412020,/content/SeeingMachines/SeeingMachines/screenshots/412020/screenshots/20210218003508_1.jpg,20210218003508_1.jpg,Metro Exodus
412020,/content/SeeingMachines/SeeingMachines/screenshots/412020/screenshots/20210212033234_1.jpg,20210212033234_1.jpg,Metro Exodus
412020,/content/SeeingMachines/SeeingMachines/screenshots/412020/screenshots/20210211003037_1.jpg,20210211003037_1.jpg,Metro Exodus
41700,/content/SeeingMachines/SeeingMachines/screenshots/41700/screenshots/2015-01-21_00001.jpg,2015-01-21_00001.jpg,S.T.A.L.K.E.R.: Call of Pripyat
41700,/content/SeeingMachines/SeeingMachines/screenshots/41700/screenshots/2013-03-02_00004.jpg,2013-03-02_00004.jpg,S.T.A.L.K.E.R.: Call of Pripyat
41700,/content/SeeingMachines/SeeingMachines/screenshots/41700/screenshots/2013-03-02_00003.jpg,2013-03-02_00003.jpg,S.T.A.L.K.E.R.: Call of Pripyat
41700,/content/SeeingMachines/SeeingMachines/screenshots/41700/screenshots/2013-03-02_00002.jpg,2013-03-02_00002.jpg,S.T.A.L.K.E.R.: Call of Pripyat
41700,/content/SeeingMachines/SeeingMachines/screenshots/41700/screenshots/2013-03-04_00001.jpg,2013-03-04_00001.jpg,S.T.A.L.K.E.R.: Call of Pripyat
41700,/content/SeeingMachines/SeeingMachines/screenshots/41700/screenshots/2013-03-02_00001.jpg,2013-03-02_00001.jpg,S.T.A.L.K.E.R.: Call of Pripyat
42710,/content/SeeingMachines/SeeingMachines/screenshots/42710/screenshots/2015-06-29_00001.jpg,2015-06-29_00001.jpg,Call of Duty®: Black Ops
42710,/content/SeeingMachines/SeeingMachines/screenshots/42710/screenshots/2015-06-29_00003.jpg,2015-06-29_00003.jpg,Call of Duty®: Black Ops
43160,/content/SeeingMachines/SeeingMachines/screenshots/43160/screenshots/2014-08-22_00012.jpg,2014-08-22_00012.jpg,Unknown game (appid 43160)
43160,/content/SeeingMachines/SeeingMachines/screenshots/43160/screenshots/2014-08-22_00001.jpg,2014-08-22_00001.jpg,Unknown game (appid 43160)
43160,/content/SeeingMachines/SeeingMachines/screenshots/43160/screenshots/2014-08-22_00011.jpg,2014-08-22_00011.jpg,Unknown game (appid 43160)
43160,/content/SeeingMachines/SeeingMachines/screenshots/43160/screenshots/2014-08-22_00016.jpg,2014-08-22_00016.jpg,Unknown game (appid 43160)
43160,/content/SeeingMachines/SeeingMachines/screenshots/43160/screenshots/2014-08-22_00002.jpg,2014-08-22_00002.jpg,Unknown game (appid 43160)
43160,/content/SeeingMachines/SeeingMachines/screenshots/43160/screenshots/2014-08-22_00017.jpg,2014-08-22_00017.jpg,Unknown game (appid 43160)
43160,/content/SeeingMachines/SeeingMachines/screenshots/43160/screenshots/2014-08-22_00014.jpg,2014-08-22_00014.jpg,Unknown game (appid 43160)
43160,/content/SeeingMachines/SeeingMachines/screenshots/43160/screenshots/2014-08-27_00001.jpg,2014-08-27_00001.jpg,Unknown game (appid 43160)
43160,/content/SeeingMachines/SeeingMachines/screenshots/43160/screenshots/2014-08-22_00015.jpg,2014-08-22_00015.jpg,Unknown game (appid 43160)
440,/content/SeeingMachines/SeeingMachines/screenshots/440/screenshots/2015-08-23_00001.jpg,2015-08-23_00001.jpg,Team Fortress 2
50130,/content/SeeingMachines/SeeingMachines/screenshots/50130/screenshots/2014-11-29_00001.jpg,2014-11-29_00001.jpg,Mafia II (Classic)
550,/content/SeeingMachines/SeeingMachines/screenshots/550/screenshots/20170102194029_1.jpg,20170102194029_1.jpg,Left 4 Dead 2
578080,/content/SeeingMachines/SeeingMachines/screenshots/578080/screenshots/20180213011148_1.jpg,20180213011148_1.jpg,PUBG: BATTLEGROUNDS
578080,/content/SeeingMachines/SeeingMachines/screenshots/578080/screenshots/20180406010054_1.jpg,20180406010054_1.jpg,PUBG: BATTLEGROUNDS
578080,/content/SeeingMachines/SeeingMachines/screenshots/578080/screenshots/20180214001306_1.jpg,20180214001306_1.jpg,PUBG: BATTLEGROUNDS
578080,/content/SeeingMachines/SeeingMachines/screenshots/578080/screenshots/20180228220802_1.jpg,20180228220802_1.jpg,PUBG: BATTLEGROUNDS
578080,/content/SeeingMachines/SeeingMachines/screenshots/578080/screenshots/20180306000537_1.jpg,20180306000537_1.jpg,PUBG: BATTLEGROUNDS
578080,/content/SeeingMachines/SeeingMachines/screenshots/578080/screenshots/20180408005457_1.jpg,20180408005457_1.jpg,PUBG: BATTLEGROUNDS
578080,/content/SeeingMachines/SeeingMachines/screenshots/578080/screenshots/20180304225927_1.jpg,20180304225927_1.jpg,PUBG: BATTLEGROUNDS
578080,/content/SeeingMachines/SeeingMachines/screenshots/578080/screenshots/20171222203031_1.jpg,20171222203031_1.jpg,PUBG: BATTLEGROUNDS
578080,/content/SeeingMachines/SeeingMachines/screenshots/578080/screenshots/20171226020421_1.jpg,20171226020421_1.jpg,PUBG: BATTLEGROUNDS
578080,/content/SeeingMachines/SeeingMachines/screenshots/578080/screenshots/20171223182137_1.jpg,20171223182137_1.jpg,PUBG: BATTLEGROUNDS
578080,/content/SeeingMachines/SeeingMachines/screenshots/578080/screenshots/20180111023455_1.jpg,20180111023455_1.jpg,PUBG: BATTLEGROUNDS
578080,/content/SeeingMachines/SeeingMachines/screenshots/578080/screenshots/20171227180314_1.jpg,20171227180314_1.jpg,PUBG: BATTLEGROUNDS
578080,/content/SeeingMachines/SeeingMachines/screenshots/578080/screenshots/20180119003631_1.jpg,20180119003631_1.jpg,PUBG: BATTLEGROUNDS
582010,/content/SeeingMachines/SeeingMachines/screenshots/582010/screenshots/20180819010316_1.jpg,20180819010316_1.jpg,Monster Hunter: World
594650,/content/SeeingMachines/SeeingMachines/screenshots/594650/screenshots/20200711201703_1.jpg,20200711201703_1.jpg,Hunt: Showdown 1896
6020,/content/SeeingMachines/SeeingMachines/screenshots/6020/screenshots/2015-01-24_00001.jpg,2015-01-24_00001.jpg,STAR WARS™ Jedi Knight - Jedi Academy™
6020,/content/SeeingMachines/SeeingMachines/screenshots/6020/screenshots/2014-12-22_00018.jpg,2014-12-22_00018.jpg,STAR WARS™ Jedi Knight - Jedi Academy™
6020,/content/SeeingMachines/SeeingMachines/screenshots/6020/screenshots/2015-02-04_00001.jpg,2015-02-04_00001.jpg,STAR WARS™ Jedi Knight - Jedi Academy™
6020,/content/SeeingMachines/SeeingMachines/screenshots/6020/screenshots/2015-01-10_00001.jpg,2015-01-10_00001.jpg,STAR WARS™ Jedi Knight - Jedi Academy™
72850,/content/SeeingMachines/SeeingMachines/screenshots/72850/screenshots/20190204010057_1.jpg,20190204010057_1.jpg,The Elder Scrolls V: Skyrim
72850,/content/SeeingMachines/SeeingMachines/screenshots/72850/screenshots/20161219202346_1.jpg,20161219202346_1.jpg,The Elder Scrolls V: Skyrim
72850,/content/SeeingMachines/SeeingMachines/screenshots/72850/screenshots/20170508172505_1.jpg,20170508172505_1.jpg,The Elder Scrolls V: Skyrim
72850,/content/SeeingMachines/SeeingMachines/screenshots/72850/screenshots/2014-11-10_00002.jpg,2014-11-10_00002.jpg,The Elder Scrolls V: Skyrim
72850,/content/SeeingMachines/SeeingMachines/screenshots/72850/screenshots/2014-11-29_00002.jpg,2014-11-29_00002.jpg,The Elder Scrolls V: Skyrim
72850,/content/SeeingMachines/SeeingMachines/screenshots/72850/screenshots/2014-07-06_00002.jpg,2014-07-06_00002.jpg,The Elder Scrolls V: Skyrim
72850,/content/SeeingMachines/SeeingMachines/screenshots/72850/screenshots/2014-11-29_00001.jpg,2014-11-29_00001.jpg,The Elder Scrolls V: Skyrim
72850,/content/SeeingMachines/SeeingMachines/screenshots/72850/screenshots/2014-07-04_00001.jpg,2014-07-04_00001.jpg,The Elder Scrolls V: Skyrim
72850,/content/SeeingMachines/SeeingMachines/screenshots/72850/screenshots/2014-07-04_00002.jpg,2014-07-04_00002.jpg,The Elder Scrolls V: Skyrim
72850,/content/SeeingMachines/SeeingMachines/screenshots/72850/screenshots/2014-07-05_00001.jpg,2014-07-05_00001.jpg,The Elder Scrolls V: Skyrim
72850,/content/SeeingMachines/SeeingMachines/screenshots/72850/screenshots/2014-07-04_00003.jpg,2014-07-04_00003.jpg,The Elder Scrolls V: Skyrim
72850,/content/SeeingMachines/SeeingMachines/screenshots/72850/screenshots/2014-07-06_00001.jpg,2014-07-06_00001.jpg,The Elder Scrolls V: Skyrim
72850,/content/SeeingMachines/SeeingMachines/screenshots/72850/screenshots/2014-07-18_00001.jpg,2014-07-18_00001.jpg,The Elder Scrolls V: Skyrim
72850,/content/SeeingMachines/SeeingMachines/screenshots/72850/screenshots/2014-07-22_00010.jpg,2014-07-22_00010.jpg,The Elder Scrolls V: Skyrim
72850,/content/SeeingMachines/SeeingMachines/screenshots/72850/screenshots/2014-07-02_00001.jpg,2014-07-02_00001.jpg,The Elder Scrolls V: Skyrim
72850,/content/SeeingMachines/SeeingMachines/screenshots/72850/screenshots/2014-07-02_00002.jpg,2014-07-02_00002.jpg,The Elder Scrolls V: Skyrim
755790,/content/SeeingMachines/SeeingMachines/screenshots/755790/screenshots/20181128193825_1.jpg,20181128193825_1.jpg,Ring of Elysium
8190,/content/SeeingMachines/SeeingMachines/screenshots/8190/screenshots/2014-08-29_00001.jpg,2014-08-29_00001.jpg,Just Cause 2
823130,/content/SeeingMachines/SeeingMachines/screenshots/823130/screenshots/20180610040546_1.jpg,20180610040546_1.jpg,Totally Accurate Battlegrounds
823130,/content/SeeingMachines/SeeingMachines/screenshots/823130/screenshots/20180610034757_1.jpg,20180610034757_1.jpg,Totally Accurate Battlegrounds
823130,/content/SeeingMachines/SeeingMachines/screenshots/823130/screenshots/20180608233220_1.jpg,20180608233220_1.jpg,Totally Accurate Battlegrounds
823130,/content/SeeingMachines/SeeingMachines/screenshots/823130/screenshots/20180609001952_1.jpg,20180609001952_1.jpg,Totally Accurate Battlegrounds
8870,/content/SeeingMachines/SeeingMachines/screenshots/8870/screenshots/2015-07-24_00001.jpg,2015-07-24_00001.jpg,BioShock Infinite
8930,/content/SeeingMachines/SeeingMachines/screenshots/8930/screenshots/2014-05-31_00001.jpg,2014-05-31_00001.jpg,Sid Meier's Civilization® V
8930,/content/SeeingMachines/SeeingMachines/screenshots/8930/screenshots/2014-02-07_00005.jpg,2014-02-07_00005.jpg,Sid Meier's Civilization® V
8930,/content/SeeingMachines/SeeingMachines/screenshots/8930/screenshots/2014-02-07_00006.jpg,2014-02-07_00006.jpg,Sid Meier's Civilization® V
8930,/content/SeeingMachines/SeeingMachines/screenshots/8930/screenshots/2014-02-07_00004.jpg,2014-02-07_00004.jpg,Sid Meier's Civilization® V
8930,/content/SeeingMachines/SeeingMachines/screenshots/8930/screenshots/2014-02-07_00001.jpg,2014-02-07_00001.jpg,Sid Meier's Civilization® V
8930,/content/SeeingMachines/SeeingMachines/screenshots/8930/screenshots/2014-02-07_00003.jpg,2014-02-07_00003.jpg,Sid Meier's Civilization® V
8930,/content/SeeingMachines/SeeingMachines/screenshots/8930/screenshots/2014-02-07_00002.jpg,2014-02-07_00002.jpg,Sid Meier's Civilization® V
8930,/content/SeeingMachines/SeeingMachines/screenshots/8930/screenshots/2013-10-21_00004.jpg,2013-10-21_00004.jpg,Sid Meier's Civilization® V
8930,/content/SeeingMachines/SeeingMachines/screenshots/8930/screenshots/2013-10-21_00006.jpg,2013-10-21_00006.jpg,Sid Meier's Civilization® V
8930,/content/SeeingMachines/SeeingMachines/screenshots/8930/screenshots/2013-10-21_00003.jpg,2013-10-21_00003.jpg,Sid Meier's Civilization® V
8930,/content/SeeingMachines/SeeingMachines/screenshots/8930/screenshots/2013-10-21_00005.jpg,2013-10-21_00005.jpg,Sid Meier's Civilization® V
8930,/content/SeeingMachines/SeeingMachines/screenshots/8930/screenshots/2013-10-21_00001.jpg,2013-10-21_00001.jpg,Sid Meier's Civilization® V
8930,/content/SeeingMachines/SeeingMachines/screenshots/8930/screenshots/2013-10-21_00002.jpg,2013-10-21_00002.jpg,Sid Meier's Civilization® V
8930,/content/SeeingMachines/SeeingMachines/screenshots/8930/screenshots/2013-10-26_00001.jpg,2013-10-26_00001.jpg,Sid Meier's Civilization® V
9340,/content/SeeingMachines/SeeingMachines/screenshots/9340/screenshots/2013-03-17_00003.jpg,2013-03-17_00003.jpg,Company of Heroes: Opposing Fronts
9340,/content/SeeingMachines/SeeingMachines/screenshots/9340/screenshots/2013-04-08_00002.jpg,2013-04-08_00002.jpg,Company of Heroes: Opposing Fronts
9340,/content/SeeingMachines/SeeingMachines/screenshots/9340/screenshots/2013-03-17_00002.jpg,2013-03-17_00002.jpg,Company of Heroes: Opposing Fronts
9340,/content/SeeingMachines/SeeingMachines/screenshots/9340/screenshots/2013-03-11_00003.jpg,2013-03-11_00003.jpg,Company of Heroes: Opposing Fronts
9340,/content/SeeingMachines/SeeingMachines/screenshots/9340/screenshots/2013-03-17_00001.jpg,2013-03-17_00001.jpg,Company of Heroes: Opposing Fronts
9340,/content/SeeingMachines/SeeingMachines/screenshots/9340/screenshots/2013-04-08_00001.jpg,2013-04-08_00001.jpg,Company of Heroes: Opposing Fronts
9340,/content/SeeingMachines/SeeingMachines/screenshots/9340/screenshots/2013-02-19_00001.jpg,2013-02-19_00001.jpg,Company of Heroes: Opposing Fronts
9340,/content/SeeingMachines/SeeingMachines/screenshots/9340/screenshots/2013-02-19_00002.jpg,2013-02-19_00002.jpg,Company of Heroes: Opposing Fronts
976730,/content/SeeingMachines/SeeingMachines/screenshots/976730/screenshots/20200522010754_1.jpg,20200522010754_1.jpg,Halo: The Master Chief Collection
976730,/content/SeeingMachines/SeeingMachines/screenshots/976730/screenshots/20200725005219_1.jpg,20200725005219_1.jpg,Halo: The Master Chief Collection
976730,/content/SeeingMachines/SeeingMachines/screenshots/976730/screenshots/20191222011349_1.jpg,20191222011349_1.jpg,Halo: The Master Chief Collection
976730,/content/SeeingMachines/SeeingMachines/screenshots/976730/screenshots/20191222011342_1.jpg,20191222011342_1.jpg,Halo: The Master Chief Collection
976730,/content/SeeingMachines/SeeingMachines/screenshots/976730/screenshots/20191222015043_1.jpg,20191222015043_1.jpg,Halo: The Master Chief Collection
